account_id,user_id,account_type,created_date
acc_0,user_0,checking,2024-12-19 04:18:23.078918
acc_1,user_1,checking,2024-12-05 21:38:48.058394
acc_2,user_2,checking,2025-04-18 06:19:34.719774
acc_3,user_3,checking,2024-03-16 02:19:17.824609
acc_4,user_4,checking,2025-08-22 22:07:30.462436
acc_5,user_5,checking,2023-11-23 08:56:51.152333
acc_6,user_6,checking,2024-12-20 13:23:30.294384
acc_7,user_7,checking,2024-12-09 22:59:17.103806
acc_8,user_8,checking,2025-05-09 04:36:48.890093
acc_9,user_9,checking,2024-02-04 08:27:30.960535
acc_10,user_10,checking,2024-07-05 20:16:49.632313
acc_11,user_11,checking,2024-06-22 14:10:12.962965
acc_12,user_12,checking,2025-02-13 19:09:27.011152
acc_13,user_13,checking,2025-08-01 09:39:55.950621
acc_14,user_14,checking,2024-02-04 08:01:49.512027
acc_15,user_15,checking,2025-06-21 19:13:13.524463
acc_16,user_16,checking,2025-05-20 21:09:40.483213
acc_17,user_17,checking,2024-04-26 22:34:29.346810
acc_18,user_18,checking,2025-02-20 16:19:33.295901
acc_19,user_19,checking,2024-11-19 08:56:01.631465
acc_20,user_20,checking,2024-09-26 10:18:57.208624
acc_21,user_21,checking,2023-12-20 08:19:48.051261
acc_22,user_22,checking,2023-11-21 17:33:40.256997
acc_23,user_23,checking,2025-06-03 20:00:29.183676
acc_24,user_24,checking,2024-09-24 10:56:12.015198
acc_25,user_25,checking,2024-04-13 01:02:11.459480
acc_26,user_26,checking,2024-11-23 23:28:15.753588
acc_27,user_27,checking,2024-12-09 02:00:52.534032
acc_28,user_28,checking,2024-12-14 03:18:52.734882
acc_29,user_29,checking,2025-01-25 09:40:53.829705
acc_30,user_30,checking,2023-12-14 14:11:38.680731
acc_31,user_31,checking,2024-06-24 02:52:55.354352
acc_32,user_32,checking,2025-01-18 02:21:56.183321
acc_33,user_33,checking,2025-03-08 07:43:22.551889
acc_34,user_34,checking,2024-10-09 07:15:52.158224
acc_35,user_35,checking,2024-01-23 11:00:31.052765
acc_36,user_36,checking,2024-10-30 10:46:19.411624
acc_37,user_37,checking,2025-02-09 01:08:51.978721
acc_38,user_38,checking,2025-06-20 16:30:58.150878
acc_39,user_39,checking,2024-04-04 03:58:46.282662
acc_40,user_40,checking,2024-03-20 10:15:13.220357
acc_41,user_41,checking,2025-07-24 04:34:26.289522
acc_42,user_42,checking,2024-06-12 10:05:44.850290
acc_43,user_43,checking,2023-10-16 11:00:10.647353
acc_44,user_44,checking,2024-12-14 18:45:34.694720
acc_45,user_45,checking,2024-06-03 18:12:01.543206
acc_46,user_46,checking,2024-12-29 10:18:40.751334
acc_47,user_47,checking,2025-01-14 12:53:26.675952
acc_48,user_48,checking,2024-04-20 01:27:02.963766
acc_49,user_49,checking,2025-01-16 13:17:16.337347
acc_50,user_50,checking,2024-12-24 11:00:52.644921
acc_51,user_51,checking,2024-10-04 13:48:05.991704
acc_52,user_52,checking,2025-04-08 13:00:00.852397
acc_53,user_53,checking,2024-08-18 00:23:13.589262
acc_54,user_54,checking,2025-05-11 01:42:00.749358
acc_55,user_55,checking,2024-12-14 07:09:49.979837
acc_56,user_56,checking,2025-07-07 19:42:30.455968
acc_57,user_57,checking,2024-05-18 01:11:20.843032
acc_58,user_58,checking,2024-04-25 10:42:09.279401
acc_59,user_59,checking,2024-09-06 06:26:58.655132
acc_60,user_60,checking,2025-07-31 09:27:44.448152
acc_61,user_61,checking,2023-11-21 11:55:52.037712
acc_62,user_62,checking,2024-09-07 17:08:34.019277
acc_63,user_63,checking,2025-04-04 12:17:06.137500
acc_64,user_64,checking,2024-11-10 07:45:21.261629
acc_65,user_65,checking,2025-04-14 02:26:01.860994
acc_66,user_66,checking,2023-12-24 15:41:09.004312
acc_67,user_67,checking,2024-06-08 11:35:34.960410
acc_68,user_68,checking,2025-01-04 11:43:18.202536
acc_69,user_69,checking,2024-12-11 16:59:34.290306
acc_70,user_70,checking,2025-05-30 04:25:16.099319
acc_71,user_71,checking,2024-05-29 21:54:30.611650
acc_72,user_72,checking,2024-11-11 14:15:43.134086
acc_73,user_73,checking,2023-12-10 10:56:17.750101
acc_74,user_74,checking,2024-06-26 17:02:22.996306
acc_75,user_75,checking,2024-02-29 10:39:53.634910
acc_76,user_76,checking,2024-05-14 18:55:24.031600
acc_77,user_77,checking,2025-09-07 17:56:55.392476
acc_78,user_78,checking,2024-09-23 14:29:00.572174
acc_79,user_79,checking,2025-04-30 03:35:01.007751
acc_80,user_80,checking,2025-04-24 11:06:04.457302
acc_81,user_81,checking,2024-12-19 23:41:28.752807
acc_82,user_82,checking,2024-12-27 07:23:32.185778
acc_83,user_83,checking,2024-10-23 22:23:55.234951
acc_84,user_84,checking,2023-11-25 03:12:35.861095
acc_85,user_85,checking,2024-08-18 01:48:08.033185
acc_86,user_86,checking,2023-12-05 01:10:33.938572
acc_87,user_87,checking,2023-12-24 09:08:38.441318
acc_88,user_88,checking,2025-07-09 07:07:14.490472
acc_89,user_89,checking,2024-11-16 22:09:27.743720
acc_90,user_90,checking,2024-12-18 22:15:57.624468
acc_91,user_91,checking,2025-04-21 03:51:05.991545
acc_92,user_92,checking,2025-01-13 22:50:26.666048
acc_93,user_93,checking,2025-01-06 08:38:29.676284
acc_94,user_94,checking,2025-06-06 06:56:25.888715
acc_95,user_95,checking,2024-08-27 12:12:37.807000
acc_96,user_96,checking,2025-08-24 21:58:20.085255
acc_97,user_97,checking,2024-06-08 08:23:22.009635
acc_98,user_98,checking,2024-10-31 12:55:41.353249
acc_99,user_99,checking,2025-06-19 09:53:45.923003
acc_100,user_100,checking,2025-03-20 22:11:43.978709
acc_101,user_101,checking,2024-09-18 05:47:50.998558
acc_102,user_102,checking,2024-07-25 10:56:01.555578
acc_103,user_103,checking,2024-12-22 20:30:28.357429
acc_104,user_104,checking,2024-12-12 19:00:07.516524
acc_105,user_105,checking,2024-08-06 01:28:51.041394
acc_106,user_106,checking,2024-02-02 05:49:10.314467
acc_107,user_107,checking,2024-12-13 05:03:12.114404
acc_108,user_108,checking,2024-09-12 04:38:55.097950
acc_109,user_109,checking,2025-01-02 20:06:02.784598
acc_110,user_110,checking,2024-12-01 22:01:56.137573
acc_111,user_111,checking,2025-07-22 03:25:30.467212
acc_112,user_112,checking,2024-12-03 12:15:19.288579
acc_113,user_113,checking,2025-01-01 08:22:32.016340
acc_114,user_114,checking,2025-03-28 20:51:34.237903
acc_115,user_115,checking,2025-08-31 21:46:00.278975
acc_116,user_116,checking,2025-08-19 19:50:40.927666
acc_117,user_117,checking,2024-01-06 04:01:57.590560
acc_118,user_118,checking,2025-01-07 22:35:27.420603
acc_119,user_119,checking,2024-01-14 04:26:02.548699
acc_120,user_120,checking,2024-06-30 12:17:49.787870
acc_121,user_121,checking,2025-06-11 11:43:17.530692
acc_122,user_122,checking,2025-08-07 02:50:50.096618
acc_123,user_123,checking,2024-03-01 05:32:25.580192
acc_124,user_124,checking,2024-03-16 21:20:00.189783
acc_125,user_125,checking,2024-06-07 10:09:19.813381
acc_126,user_126,checking,2025-04-17 14:48:04.014056
acc_127,user_127,checking,2024-02-18 07:54:48.599510
acc_128,user_128,checking,2024-09-04 21:28:05.364856
acc_129,user_129,checking,2025-05-13 18:56:47.055937
acc_130,user_130,checking,2024-12-10 14:17:45.749250
acc_131,user_131,checking,2023-12-07 17:54:38.491511
acc_132,user_132,checking,2024-08-04 12:41:57.932604
acc_133,user_133,checking,2025-01-14 04:02:38.911184
acc_134,user_134,checking,2025-04-19 21:38:44.069376
acc_135,user_135,checking,2025-08-30 14:49:22.286627
acc_136,user_136,checking,2024-03-29 08:28:01.566837
acc_137,user_137,checking,2025-04-30 17:11:17.611998
acc_138,user_138,checking,2024-12-19 20:42:00.729787
acc_139,user_139,checking,2025-07-23 19:00:59.276159
acc_140,user_140,checking,2024-01-08 15:41:54.908726
acc_141,user_141,checking,2025-04-06 10:21:27.222420
acc_142,user_142,checking,2024-09-05 11:16:53.274033
acc_143,user_143,checking,2023-11-24 02:06:17.639178
acc_144,user_144,checking,2025-04-04 18:52:54.931221
acc_145,user_145,checking,2024-02-18 08:16:00.032274
acc_146,user_146,checking,2024-08-11 20:05:04.035650
acc_147,user_147,checking,2023-10-25 21:12:01.653033
acc_148,user_148,checking,2024-10-18 07:10:36.375262
acc_149,user_149,checking,2024-10-29 22:50:36.803457
acc_150,user_150,checking,2024-03-19 18:36:30.526001
acc_151,user_151,checking,2025-02-07 09:27:32.736094
acc_152,user_152,checking,2024-08-26 17:50:46.226851
acc_153,user_153,checking,2023-11-01 14:48:17.859828
acc_154,user_154,checking,2024-08-24 07:16:37.752965
acc_155,user_155,checking,2025-08-31 09:57:53.439348
acc_156,user_156,checking,2024-07-15 15:37:52.459515
acc_157,user_157,checking,2023-11-20 10:38:54.443258
acc_158,user_158,checking,2025-07-12 10:28:16.910839
acc_159,user_159,checking,2025-01-14 00:40:11.520711
acc_160,user_160,checking,2024-06-16 06:23:16.670562
acc_161,user_161,checking,2025-09-07 17:41:49.074742
acc_162,user_162,checking,2024-01-25 22:11:32.103489
acc_163,user_163,checking,2025-02-07 01:15:31.657072
acc_164,user_164,checking,2024-03-19 04:30:54.643514
acc_165,user_165,checking,2024-09-07 16:06:43.888177
acc_166,user_166,checking,2025-04-28 12:57:19.699230
acc_167,user_167,checking,2024-04-09 08:36:23.000062
acc_168,user_168,checking,2025-07-25 01:13:02.684359
acc_169,user_169,checking,2024-05-11 12:08:49.766354
acc_170,user_170,checking,2024-05-06 05:26:55.411872
acc_171,user_171,checking,2024-12-11 07:30:34.316173
acc_172,user_172,checking,2024-01-08 03:47:24.453881
acc_173,user_173,checking,2025-01-06 22:41:35.328310
acc_174,user_174,checking,2024-03-04 11:36:05.668116
acc_175,user_175,checking,2023-11-16 18:26:59.493767
acc_176,user_176,checking,2024-06-15 19:13:26.435518
acc_177,user_177,checking,2024-01-06 17:23:16.757205
acc_178,user_178,checking,2025-08-28 07:37:52.889783
acc_179,user_179,checking,2023-10-29 23:01:12.285728
acc_180,user_180,checking,2024-04-17 16:31:44.554018
acc_181,user_181,checking,2024-06-12 18:17:27.813179
acc_182,user_182,checking,2025-04-18 11:05:13.539540
acc_183,user_183,checking,2024-05-11 06:37:20.458770
acc_184,user_184,checking,2025-03-19 09:25:29.099226
acc_185,user_185,checking,2024-06-30 18:22:56.420982
acc_186,user_186,checking,2024-06-22 22:52:18.341185
acc_187,user_187,checking,2024-07-07 20:40:49.268739
acc_188,user_188,checking,2024-03-28 02:55:16.673566
acc_189,user_189,checking,2024-04-16 15:26:01.802343
acc_190,user_190,checking,2025-06-06 15:52:34.454359
acc_191,user_191,checking,2025-01-21 01:58:19.180564
acc_192,user_192,checking,2025-02-18 21:09:46.757518
acc_193,user_193,checking,2023-11-12 16:26:39.992524
acc_194,user_194,checking,2024-10-09 12:18:46.854334
acc_195,user_195,checking,2025-04-02 02:08:46.867455
acc_196,user_196,checking,2024-06-04 06:59:15.616499
acc_197,user_197,checking,2024-04-04 19:37:34.190605
acc_198,user_198,checking,2024-02-14 04:42:45.714654
acc_199,user_199,checking,2025-05-06 08:02:45.646393
acc_200,user_200,checking,2024-12-07 05:54:43.816790
acc_201,user_201,checking,2025-02-13 15:12:38.996826
acc_202,user_202,checking,2024-05-17 05:33:24.975863
acc_203,user_203,checking,2024-05-28 19:23:35.183704
acc_204,user_204,checking,2024-04-11 04:22:14.822522
acc_205,user_205,checking,2024-09-25 07:10:16.052344
acc_206,user_206,checking,2024-10-02 07:51:34.916448
acc_207,user_207,checking,2024-04-25 10:26:04.666428
acc_208,user_208,checking,2025-04-08 08:09:47.764241
acc_209,user_209,checking,2025-05-25 09:18:27.821115
acc_210,user_210,checking,2024-11-02 00:34:15.980695
acc_211,user_211,checking,2025-03-10 03:08:00.946775
acc_212,user_212,checking,2024-12-05 03:59:02.121480
acc_213,user_213,checking,2025-05-14 16:32:52.170199
acc_214,user_214,checking,2025-08-20 16:29:54.060397
acc_215,user_215,checking,2023-11-16 09:19:05.939260
acc_216,user_216,checking,2024-08-11 13:03:25.721707
acc_217,user_217,checking,2025-03-02 15:43:27.950967
acc_218,user_218,checking,2024-05-30 01:13:41.119438
acc_219,user_219,checking,2024-11-12 04:51:17.610414
acc_220,user_220,checking,2024-11-05 21:13:05.998829
acc_221,user_221,checking,2025-04-24 12:44:20.538723
acc_222,user_222,checking,2024-03-03 04:00:48.613402
acc_223,user_223,checking,2025-01-01 03:23:16.637103
acc_224,user_224,checking,2023-10-11 21:40:40.763649
acc_225,user_225,checking,2025-03-14 18:35:02.016496
acc_226,user_226,checking,2024-07-21 23:51:06.252162
acc_227,user_227,checking,2025-06-24 09:57:19.088336
acc_228,user_228,checking,2024-08-25 12:52:07.011892
acc_229,user_229,checking,2024-06-13 21:52:20.307250
acc_230,user_230,checking,2025-05-01 13:31:33.554745
acc_231,user_231,checking,2024-03-31 06:02:24.906833
acc_232,user_232,checking,2025-01-31 13:03:46.847749
acc_233,user_233,checking,2025-02-10 19:24:01.748822
acc_234,user_234,checking,2024-07-15 13:34:00.770644
acc_235,user_235,checking,2024-10-18 09:08:08.380243
acc_236,user_236,checking,2024-01-13 16:44:29.247929
acc_237,user_237,checking,2024-10-30 16:48:01.032882
acc_238,user_238,checking,2023-11-18 23:57:37.527678
acc_239,user_239,checking,2024-02-10 08:19:46.832005
acc_240,user_240,checking,2024-08-09 11:09:39.515405
acc_241,user_241,checking,2023-12-26 08:58:25.912127
acc_242,user_242,checking,2025-01-28 01:07:34.784429
acc_243,user_243,checking,2025-08-07 21:51:46.923946
acc_244,user_244,checking,2024-04-07 20:32:10.382332
acc_245,user_245,checking,2024-11-06 08:45:10.161516
acc_246,user_246,checking,2024-11-13 18:47:57.824812
acc_247,user_247,checking,2023-11-27 23:21:37.927343
acc_248,user_248,checking,2025-08-30 08:14:48.254226
acc_249,user_249,checking,2024-03-25 01:36:41.504124
acc_250,user_250,checking,2024-11-24 05:07:57.501117
acc_251,user_251,checking,2024-05-17 14:47:34.521257
acc_252,user_252,checking,2023-11-10 08:58:44.655898
acc_253,user_253,checking,2024-05-18 15:37:17.603971
acc_254,user_254,checking,2024-07-25 02:33:28.100050
acc_255,user_255,checking,2024-05-20 07:37:02.642647
acc_256,user_256,checking,2025-03-20 18:42:38.340466
acc_257,user_257,checking,2024-04-18 22:34:44.991229
acc_258,user_258,checking,2024-09-24 00:35:12.684773
acc_259,user_259,checking,2024-02-14 20:11:01.980385
acc_260,user_260,checking,2025-03-17 16:16:03.919756
acc_261,user_261,checking,2025-01-04 02:08:30.843778
acc_262,user_262,checking,2025-05-10 23:28:27.819151
acc_263,user_263,checking,2025-04-15 02:39:28.963972
acc_264,user_264,checking,2023-12-27 18:27:20.221193
acc_265,user_265,checking,2023-11-25 04:38:57.848023
acc_266,user_266,checking,2024-04-05 04:05:23.641830
acc_267,user_267,checking,2024-02-16 21:47:30.544707
acc_268,user_268,checking,2024-02-13 01:36:20.300023
acc_269,user_269,checking,2024-07-09 03:36:29.897925
acc_270,user_270,checking,2023-11-13 21:17:19.102604
acc_271,user_271,checking,2025-09-02 23:35:48.557254
acc_272,user_272,checking,2024-06-25 12:17:49.439241
acc_273,user_273,checking,2025-04-13 07:05:25.855758
acc_274,user_274,checking,2023-10-18 21:54:34.505202
acc_275,user_275,checking,2024-06-16 04:24:25.631966
acc_276,user_276,checking,2024-08-10 03:20:46.550790
acc_277,user_277,checking,2024-01-16 12:40:56.740791
acc_278,user_278,checking,2024-07-03 05:37:43.267633
acc_279,user_279,checking,2024-05-27 23:38:46.894401
acc_280,user_280,checking,2024-09-01 19:27:06.712114
acc_281,user_281,checking,2025-09-01 04:08:18.480730
acc_282,user_282,checking,2024-01-11 01:11:50.727875
acc_283,user_283,checking,2024-08-17 09:39:51.240468
acc_284,user_284,checking,2025-01-10 21:54:41.390490
acc_285,user_285,checking,2024-10-22 02:04:19.954750
acc_286,user_286,checking,2023-12-29 21:14:10.607578
acc_287,user_287,checking,2025-08-31 17:44:12.922338
acc_288,user_288,checking,2024-09-10 15:21:59.010656
acc_289,user_289,checking,2025-07-28 02:22:24.449478
acc_290,user_290,checking,2024-08-26 19:35:09.300025
acc_291,user_291,checking,2025-07-10 15:58:47.307331
acc_292,user_292,checking,2025-04-20 02:03:26.604695
acc_293,user_293,checking,2024-02-21 10:07:11.606064
acc_294,user_294,checking,2024-07-03 12:06:24.587385
acc_295,user_295,checking,2024-11-22 11:00:41.396427
acc_296,user_296,checking,2024-01-12 20:00:12.711436
acc_297,user_297,checking,2024-11-24 01:23:40.410510
acc_298,user_298,checking,2024-11-03 23:29:37.920694
acc_299,user_299,checking,2025-08-16 10:00:07.247812
acc_300,user_300,checking,2024-09-17 14:21:05.828271
acc_301,user_301,checking,2024-11-12 12:00:50.548447
acc_302,user_302,checking,2025-04-05 05:23:53.412706
acc_303,user_303,checking,2024-10-20 23:35:56.418194
acc_304,user_304,checking,2025-05-24 05:27:22.492959
acc_305,user_305,checking,2025-04-30 03:42:53.777520
acc_306,user_306,checking,2024-11-26 14:23:10.497034
acc_307,user_307,checking,2024-05-14 22:42:05.793033
acc_308,user_308,checking,2025-07-29 20:28:06.867485
acc_309,user_309,checking,2025-01-02 01:03:28.054016
acc_310,user_310,checking,2024-09-23 10:48:58.313778
acc_311,user_311,checking,2025-02-23 06:38:48.788528
acc_312,user_312,checking,2024-03-16 20:37:20.312785
acc_313,user_313,checking,2024-11-20 20:16:45.913893
acc_314,user_314,checking,2023-10-25 16:17:03.411749
acc_315,user_315,checking,2024-02-14 15:13:22.069885
acc_316,user_316,checking,2025-02-24 19:32:16.412102
acc_317,user_317,checking,2024-09-15 06:24:55.843425
acc_318,user_318,checking,2025-05-16 15:24:53.093281
acc_319,user_319,checking,2024-07-06 08:41:33.304480
acc_320,user_320,checking,2024-08-11 13:18:36.771944
acc_321,user_321,checking,2025-05-24 15:50:49.853758
acc_322,user_322,checking,2024-05-23 13:51:16.947784
acc_323,user_323,checking,2025-04-09 22:14:02.013431
acc_324,user_324,checking,2024-12-25 21:39:57.923173
acc_325,user_325,checking,2025-09-04 13:33:55.578758
acc_326,user_326,checking,2023-10-23 23:08:39.161972
acc_327,user_327,checking,2024-10-06 03:27:51.501528
acc_328,user_328,checking,2024-12-22 22:58:31.559552
acc_329,user_329,checking,2025-08-30 18:15:32.210440
acc_330,user_330,checking,2023-11-21 20:03:24.969830
acc_331,user_331,checking,2025-01-17 20:22:48.581706
acc_332,user_332,checking,2024-09-29 15:05:06.416217
acc_333,user_333,checking,2025-02-25 16:20:07.770384
acc_334,user_334,checking,2024-10-02 19:33:53.201176
acc_335,user_335,checking,2025-07-03 16:34:53.150245
acc_336,user_336,checking,2024-06-13 05:34:05.331369
acc_337,user_337,checking,2024-07-27 20:28:34.071012
acc_338,user_338,checking,2024-02-02 21:37:16.073364
acc_339,user_339,checking,2023-10-03 20:32:38.114321
acc_340,user_340,checking,2024-07-06 05:48:34.046949
acc_341,user_341,checking,2024-01-13 17:49:10.757232
acc_342,user_342,checking,2025-06-09 23:39:04.117194
acc_343,user_343,checking,2023-11-26 00:36:00.701546
acc_344,user_344,checking,2024-11-13 02:12:25.263175
acc_345,user_345,checking,2025-06-08 07:43:22.019302
acc_346,user_346,checking,2025-08-03 05:09:30.511039
acc_347,user_347,checking,2024-01-07 20:20:17.052069
acc_348,user_348,checking,2023-12-21 14:40:57.244244
acc_349,user_349,checking,2024-01-26 04:07:06.549408
acc_350,user_350,checking,2024-04-01 12:22:09.261007
acc_351,user_351,checking,2025-04-30 09:17:46.854443
acc_352,user_352,checking,2024-02-16 01:29:14.940953
acc_353,user_353,checking,2024-03-10 19:03:13.465303
acc_354,user_354,checking,2023-12-01 17:52:00.198087
acc_355,user_355,checking,2024-06-13 04:53:38.656245
acc_356,user_356,checking,2024-07-12 20:47:06.777572
acc_357,user_357,checking,2025-09-15 07:56:55.228010
acc_358,user_358,checking,2023-11-07 12:43:41.174062
acc_359,user_359,checking,2025-08-10 12:39:06.930468
acc_360,user_360,checking,2025-04-02 11:24:25.960577
acc_361,user_361,checking,2025-05-09 00:11:21.580202
acc_362,user_362,checking,2024-11-02 17:17:10.971378
acc_363,user_363,checking,2023-12-03 11:56:01.305875
acc_364,user_364,checking,2023-11-28 23:47:46.537759
acc_365,user_365,checking,2024-11-20 18:24:03.071673
acc_366,user_366,checking,2025-01-13 00:16:37.270175
acc_367,user_367,checking,2024-01-11 11:29:22.489861
acc_368,user_368,checking,2025-01-13 08:00:16.248914
acc_369,user_369,checking,2024-12-17 21:50:11.801873
acc_370,user_370,checking,2024-03-04 03:40:53.547185
acc_371,user_371,checking,2024-10-01 16:01:40.061732
acc_372,user_372,checking,2024-01-31 05:04:23.521404
acc_373,user_373,checking,2023-12-11 05:59:29.537910
acc_374,user_374,checking,2024-06-13 00:01:58.821945
acc_375,user_375,checking,2024-05-18 04:46:23.318929
acc_376,user_376,checking,2024-03-24 16:07:03.876083
acc_377,user_377,checking,2024-05-15 14:23:38.228224
acc_378,user_378,checking,2024-09-21 00:00:44.903116
acc_379,user_379,checking,2023-12-14 02:43:09.982851
acc_380,user_380,checking,2024-08-24 00:54:04.071791
acc_381,user_381,checking,2025-04-24 09:18:24.767282
acc_382,user_382,checking,2025-05-12 13:12:20.296129
acc_383,user_383,checking,2024-07-03 19:49:53.334449
acc_384,user_384,checking,2024-02-10 08:55:41.912097
acc_385,user_385,checking,2024-02-27 17:08:24.049100
acc_386,user_386,checking,2024-10-31 23:26:24.297913
acc_387,user_387,checking,2023-12-27 02:10:57.983458
acc_388,user_388,checking,2025-06-04 05:17:42.673690
acc_389,user_389,checking,2023-10-26 10:33:47.953686
acc_390,user_390,checking,2024-05-14 02:06:01.223124
acc_391,user_391,checking,2024-01-04 09:47:41.544497
acc_392,user_392,checking,2024-03-01 22:03:16.654158
acc_393,user_393,checking,2024-01-13 07:02:58.844489
acc_394,user_394,checking,2025-05-06 13:25:12.558548
acc_395,user_395,checking,2024-09-19 02:30:43.757221
acc_396,user_396,checking,2024-06-01 09:55:08.447763
acc_397,user_397,checking,2025-05-21 08:36:15.509950
acc_398,user_398,checking,2024-10-19 19:36:27.817018
acc_399,user_399,checking,2024-03-25 00:29:03.709381
acc_400,user_400,checking,2025-06-12 19:01:40.730413
acc_401,user_401,checking,2024-11-19 13:31:03.201125
acc_402,user_402,checking,2025-09-14 14:25:12.518875
acc_403,user_403,checking,2024-02-24 05:11:21.382685
acc_404,user_404,checking,2025-09-14 23:32:30.180993
acc_405,user_405,checking,2025-02-06 00:37:14.333905
acc_406,user_406,checking,2023-12-30 21:30:19.668179
acc_407,user_407,checking,2024-06-24 03:25:26.110331
acc_408,user_408,checking,2023-11-09 20:57:40.293155
acc_409,user_409,checking,2023-12-01 03:26:02.042509
acc_410,user_410,checking,2025-03-31 21:45:18.659708
acc_411,user_411,checking,2024-03-08 22:36:21.142485
acc_412,user_412,checking,2024-01-04 22:04:51.037602
acc_413,user_413,checking,2025-06-16 02:33:11.889196
acc_414,user_414,checking,2024-06-26 22:38:11.412443
acc_415,user_415,checking,2024-06-04 08:25:47.934607
acc_416,user_416,checking,2023-10-12 16:05:09.000231
acc_417,user_417,checking,2025-04-14 12:26:56.905055
acc_418,user_418,checking,2024-01-07 20:23:27.144425
acc_419,user_419,checking,2024-12-22 12:44:50.210303
acc_420,user_420,checking,2024-09-24 22:19:12.776357
acc_421,user_421,checking,2025-02-15 00:24:39.583800
acc_422,user_422,checking,2023-10-11 04:54:24.531895
acc_423,user_423,checking,2025-02-28 02:46:27.180340
acc_424,user_424,checking,2025-06-04 14:11:58.718035
acc_425,user_425,checking,2023-12-17 19:38:19.262155
acc_426,user_426,checking,2024-05-27 11:51:28.982406
acc_427,user_427,checking,2025-05-20 03:21:30.430183
acc_428,user_428,checking,2025-02-07 12:52:42.669596
acc_429,user_429,checking,2025-08-15 20:14:23.069882
acc_430,user_430,checking,2025-05-31 11:46:47.585738
acc_431,user_431,checking,2023-12-25 09:13:14.495670
acc_432,user_432,checking,2024-08-05 11:24:04.490351
acc_433,user_433,checking,2023-11-03 10:20:16.515440
acc_434,user_434,checking,2024-05-10 20:54:42.489070
acc_435,user_435,checking,2025-04-22 12:59:24.589837
acc_436,user_436,checking,2023-12-23 04:09:36.906948
acc_437,user_437,checking,2025-07-27 23:29:03.389950
acc_438,user_438,checking,2025-03-07 18:09:50.861809
acc_439,user_439,checking,2024-11-03 22:04:52.204665
acc_440,user_440,checking,2023-12-13 04:45:19.761377
acc_441,user_441,checking,2025-02-25 08:51:51.695495
acc_442,user_442,checking,2025-04-20 03:30:14.506221
acc_443,user_443,checking,2024-11-11 19:08:43.774441
acc_444,user_444,checking,2023-12-26 19:28:10.158629
acc_445,user_445,checking,2024-05-02 22:07:57.388079
acc_446,user_446,checking,2025-02-20 22:15:35.928087
acc_447,user_447,checking,2024-10-04 05:47:04.662040
acc_448,user_448,checking,2025-06-10 22:17:45.905930
acc_449,user_449,checking,2025-01-29 18:33:41.513126
acc_450,user_450,checking,2024-02-19 04:08:06.958272
acc_451,user_451,checking,2025-03-01 07:39:23.606573
acc_452,user_452,checking,2025-02-16 15:52:43.273869
acc_453,user_453,checking,2024-03-15 12:46:29.663971
acc_454,user_454,checking,2024-05-07 08:08:40.753214
acc_455,user_455,checking,2024-01-13 09:11:09.860515
acc_456,user_456,checking,2024-11-29 09:02:08.301359
acc_457,user_457,checking,2024-10-15 22:45:10.841770
acc_458,user_458,checking,2025-01-13 22:13:50.942515
acc_459,user_459,checking,2024-01-08 15:13:13.369578
acc_460,user_460,checking,2024-07-20 10:01:23.593524
acc_461,user_461,checking,2024-10-10 12:53:13.500304
acc_462,user_462,checking,2024-02-16 12:43:52.258760
acc_463,user_463,checking,2025-05-16 15:22:12.604144
acc_464,user_464,checking,2023-10-20 21:53:35.262479
acc_465,user_465,checking,2025-07-19 09:38:20.456809
acc_466,user_466,checking,2025-03-17 19:25:00.085990
acc_467,user_467,checking,2025-04-06 07:59:35.550241
acc_468,user_468,checking,2025-04-30 09:29:31.695928
acc_469,user_469,checking,2025-08-15 21:46:43.884531
acc_470,user_470,checking,2024-03-09 14:11:23.462419
acc_471,user_471,checking,2025-01-30 06:43:42.874423
acc_472,user_472,checking,2024-03-28 21:00:35.460770
acc_473,user_473,checking,2023-12-20 08:28:46.132633
acc_474,user_474,checking,2024-11-02 10:21:32.010973
acc_475,user_475,checking,2025-04-18 14:42:38.473830
acc_476,user_476,checking,2024-08-25 05:42:52.127165
acc_477,user_477,checking,2025-05-23 22:23:23.197161
acc_478,user_478,checking,2025-06-07 09:25:24.348745
acc_479,user_479,checking,2024-12-29 07:45:35.142154
acc_480,user_480,checking,2025-01-09 11:12:09.639935
acc_481,user_481,checking,2024-11-13 23:53:46.726263
acc_482,user_482,checking,2024-06-18 01:20:13.231874
acc_483,user_483,checking,2025-07-10 05:53:48.804426
acc_484,user_484,checking,2024-11-15 14:14:38.186834
acc_485,user_485,checking,2024-10-14 04:27:31.087749
acc_486,user_486,checking,2024-09-17 07:27:10.433261
acc_487,user_487,checking,2024-02-14 11:59:10.614856
acc_488,user_488,checking,2024-03-13 20:49:25.273869
acc_489,user_489,checking,2023-11-13 10:32:08.794260
acc_490,user_490,checking,2025-08-02 19:20:50.486740
acc_491,user_491,checking,2025-05-01 21:16:26.247018
acc_492,user_492,checking,2025-08-01 08:42:29.404079
acc_493,user_493,checking,2024-02-01 13:18:23.760340
acc_494,user_494,checking,2025-06-23 13:58:53.364631
acc_495,user_495,checking,2025-02-24 23:00:21.618299
acc_496,user_496,checking,2024-09-18 12:02:22.015416
acc_497,user_497,checking,2024-12-01 03:24:44.860922
acc_498,user_498,checking,2024-04-12 07:28:07.828947
acc_499,user_499,checking,2024-11-11 00:17:36.172037
